#
# DUMP FILE
#
# Database is ported from MS Access
#------------------------------------------------------------------
# Created using "MS Access to MySQL" form http://www.bullzip.com
# Program Version 5.4.274
#
# OPTIONS:
#   sourcefilename=C:\Users\lhoreman\Dropbox\Informatica\SQL\nieuwe versie 2015\databases\planten.mdb
#   sourceusername=
#   sourcepassword=
#   sourcesystemdatabase=
#   destinationdatabase=planten
#   storageengine=InnoDB
#   dropdatabase=1
#   createtables=1
#   unicode=1
#   autocommit=1
#   transferdefaultvalues=1
#   transferindexes=1
#   transferautonumbers=1
#   transferrecords=1
#   columnlist=1
#   tableprefix=
#   negativeboolean=0
#   ignorelargeblobs=0
#   memotype=LONGTEXT
#   datetimetype=DATETIME
#

DROP DATABASE IF EXISTS `planten`;
CREATE DATABASE IF NOT EXISTS `planten`;
USE `planten`;

#
# Table structure for table 'artikelsleveranciers'
#

DROP TABLE IF EXISTS `artikelsleveranciers`;

CREATE TABLE `artikelsleveranciers` (
  `artikelLeverancierId` INTEGER NOT NULL AUTO_INCREMENT, 
  `leverancierId` INTEGER, 
  `artikelLeverancierCode` VARCHAR(5), 
  `plantId` INTEGER, 
  `levertijd` DOUBLE NULL, 
  `offertePrijs` DOUBLE NULL, 
  PRIMARY KEY (`artikelLeverancierId`)
) ENGINE=innodb DEFAULT CHARSET=utf8;

SET autocommit=1;

#
# Dumping data for table 'artikelsleveranciers'
#

INSERT INTO `artikelsleveranciers` VALUES (1,1,'A004',115,7,1.1),(2,1,'A075',88,7,0.35),(3,1,'A103',102,7,0.3),(4,1,'A184',108,7,0.6),(5,1,'A385',24,7,0.6),(6,1,'A421',97,7,1.2),(7,1,'B148',94,7,0.6),(8,1,'B331',83,7,0.6),(9,1,'B337',34,7,1.1),(10,1,'C274',81,7,0.6),(11,1,'D225',87,7,0.5),(12,2,'002',6,21,2.95),(13,2,'011',10,21,9.9),(14,2,'013',54,21,6.55),(15,2,'014',71,21,7.9),(16,2,'021',64,21,2.25),(17,2,'023',70,21,10.15),(18,2,'024',107,21,7.9),(19,2,'029',31,21,2.5),(20,2,'044',78,21,3.4),(21,2,'045',32,21,6.75),(22,2,'050',39,21,8.8),(23,2,'064',50,21,4.3),(24,2,'078',44,21,10.15),(25,2,'081',66,21,3.4),(26,2,'085',9,21,4.5),(27,2,'091',118,21,7.9),(28,2,'097',56,21,0.2),(29,2,'099',93,21,5.65),(30,2,'103',11,21,6.1),(31,2,'114',45,21,8.8),(32,2,'115',109,21,5.65),(33,2,'116',112,21,14.4),(34,2,'145',84,21,4.3),(35,3,'E01R',43,21,2.9),(36,3,'E05R',42,10,0.8),(37,3,'E11X',82,10,1.05),(38,3,'E23W',61,10,1.05),(39,3,'H09',70,14,11.95),(40,3,'H10R',39,14,10.35),(41,3,'H14R',32,14,7.95),(42,3,'H14W',54,14,7.7),(43,3,'H17',31,14,2.9),(44,3,'H19O',107,14,9.3),(45,3,'H75P',38,14,10.35),(46,3,'H99G',112,14,16.95),(47,4,'A002',18,10,1.45),(48,4,'A101',115,7,1.15),(49,4,'A103',36,7,0.11000000000000001),(50,4,'A154',57,7,0.5),(51,4,'A230',23,10,1.65),(52,4,'A395',21,10,2.3),(53,4,'A472',98,7,0.65),(54,4,'A520',92,10,1.3),(55,4,'A677',19,10,1.3),(56,4,'B006',42,14,1),(57,4,'B024',50,14,6.2),(58,4,'B101',1,7,0.4),(59,4,'B111',119,10,2.3),(60,4,'B396',85,10,1.65),(61,4,'B578',39,14,12.7),(62,4,'C051',109,14,8.15),(63,4,'C119',72,14,6.2),(64,4,'C243',48,14,11.4),(65,4,'D029',9,14,6.5),(66,4,'D296',93,14,8.15),(67,4,'D321',96,10,1.65),(68,4,'D555',25,14,12.7),(69,4,'D742',64,14,3.25),(70,4,'E098',103,10,1.95),(71,4,'E409',91,10,1.3),(72,4,'F342',27,10,6.2),(73,4,'F823',41,10,1.65),(74,4,'G001',105,10,1.3),(75,4,'G202',101,14,6.5),(76,4,'G430',7,10,2.95),(77,4,'H510',30,10,1.95),(78,5,'001-2',97,10,1.15),(79,5,'012-V',16,10,1.7),(80,5,'027-V',23,10,1.45),(81,5,'067-V',114,10,2),(82,5,'082-V',75,10,1.15),(83,5,'103-2',63,10,1.05),(84,5,'117-V',14,10,1.7),(85,5,'118-V',113,10,1.15),(86,5,'162-V',91,10,1.15),(87,5,'195-1',108,10,0.55),(88,5,'201-V',53,10,2),(89,5,'209-V',79,10,1.7),(90,5,'255-1',52,10,0.35),(91,5,'257-V',3,10,1.45),(92,5,'263-V',60,10,1.7),(93,5,'264-V',68,10,1.45),(94,5,'273-2',89,10,0.55),(95,5,'281-2',83,10,0.55),(96,5,'286-V',103,10,1.7),(97,5,'300-V',105,10,1.15),(98,5,'327-1',110,10,0.45),(99,5,'335-V',117,10,1.7),(100,5,'362-V',85,10,1.45),(101,5,'365-V',102,10,0.3),(102,5,'393-V',96,10,1.45),(103,5,'397-V',73,10,2.55),(104,5,'400-2',94,10,0.55),(105,5,'408-V',30,10,1.7),(106,5,'471-2',104,10,0.55),(107,5,'498-1',1,10,0.35),(108,6,'ACMO',21,14,2.1),(109,6,'ACON',28,14,1.8),(110,6,'ALSC',46,14,1.2),(111,6,'ALTH',47,14,1.2),(112,6,'CAMP',103,14,1.8),(113,6,'CENT',67,14,1.2),(114,6,'CHRY',3,14,1.5),(115,6,'CYNO',96,14,1.5),(116,6,'DELP',16,14,1.8),(117,6,'DIAN',117,14,1.8),(118,6,'ERYN',14,14,1.8),(119,6,'EUPH',23,14,1.5),(120,6,'GEUM',30,14,1.8),(121,6,'GYPS',73,14,2.7),(122,6,'HELI',113,14,1.2),(123,6,'KNIP',13,14,2.1),(124,6,'LAMI',105,14,1.2),(125,6,'LUPI',5,14,1.5),(126,6,'MATR',51,14,1.8),(127,6,'PAEO',100,14,2.7),(128,6,'POTE',18,14,1.35),(129,6,'ROSM',33,14,1.2),(130,7,'001',81,7,0.65),(131,7,'047',8,7,0.65),(132,7,'066',99,7,0.11000000000000001),(133,7,'103',115,7,1.15),(134,7,'162',49,7,0.5),(135,7,'195',36,7,0.11000000000000001),(136,7,'209',1,7,0.4),(137,7,'210',87,7,0.5),(138,7,'257',20,7,0.65),(139,7,'263',76,7,0.05500000000000001),(140,7,'281',65,7,2.6950000000000003),(141,7,'362',98,7,0.65),(142,7,'393',110,7,0.5),(143,7,'471',90,7,1),(144,7,'498',57,7,0.5),(159,9,'B-003',50,14,5.15),(160,9,'B-011',44,14,12.15),(161,9,'B-034',109,14,6.75),(162,9,'B-076',95,14,2.45),(163,9,'B-104',17,14,22.95),(164,9,'E-002',43,10,2.95),(165,9,'E-003',42,10,0.8),(166,9,'S-015',56,14,0.2),(167,9,'S-077',9,14,5.4),(168,9,'S-118',107,14,9.45),(169,9,'S-154',64,14,2.7),(170,10,'ACMO',21,14,2.15),(171,10,'ALTH',47,14,1.25),(172,10,'ANCE',35,14,1.25),(173,10,'ANEM',53,14,2.15),(174,10,'ANGR',111,14,1.25),(175,10,'ANTI',49,14,0.5),(176,10,'AQUI',55,14,1.55),(177,10,'ARDR',106,14,1.25),(178,10,'BEGO',1,14,0.4),(179,10,'CAMP',103,14,1.85),(180,10,'CHEI',34,14,1.1),(181,10,'CHMA',3,14,1.55),(182,10,'CORT',27,14,5.9),(183,10,'CYNO',89,14,0.6),(184,10,'DELP',16,14,1.85),(185,10,'ECHI',62,14,1.85),(186,10,'ERYN',14,14,1.85),(187,10,'HEDE',2,14,4.65),(188,10,'LUPI',5,14,1.55),(189,10,'OCBA',59,14,1.25),(190,10,'PAPA',58,14,3.1),(191,10,'PARH',94,14,0.6),(192,10,'PHLO',90,14,0.95),(193,10,'PRIM',97,14,1.25),(194,10,'RUSC',116,14,1.25),(195,10,'SALV',92,14,1.25),(196,10,'TAGE',52,14,0.35),(197,10,'TULI',26,14,0.275),(198,10,'VIOL',102,14,0.3),(199,10,'VITI',101,14,6.2),(200,10,'WIST',99,14,0.05500000000000001),(201,11,'ST1P1',5,10,1.65),(202,11,'ST1P3',85,10,1.65),(203,11,'ST1P4',74,10,1.3),(204,11,'ST1P6',47,10,1.3),(205,11,'ST1P8',29,10,2.95),(206,11,'ST1P9',58,10,3.3),(207,11,'ST2P1',113,10,1.3),(208,11,'ST2P2',60,10,2),(209,11,'ST2P3',21,10,2.3),(210,11,'ST2P5',77,10,2.95),(211,11,'ST2P6',79,10,2),(212,11,'ST3P1',69,10,4.3),(213,11,'ST3P2',2,10,4.95),(214,11,'ST3P5',22,10,1.3),(215,11,'ST4P1',4,10,7.9),(216,11,'ST4P2',12,10,3.3),(217,11,'ST4P5',80,10,0.85),(218,11,'ST4P6',40,10,3.3);
# 218 records

#
# Table structure for table 'bestellijnen'
#

DROP TABLE IF EXISTS `bestellijnen`;

CREATE TABLE `bestellijnen` (
  `bestelLijnId` INTEGER NOT NULL AUTO_INCREMENT, 
  `bestelId` INTEGER, 
  `artikelLeverancierId` INTEGER, 
  `aantal` DOUBLE NULL, 
  `bestelPrijs` DOUBLE NULL, 
  PRIMARY KEY (`bestelLijnId`)
) ENGINE=innodb DEFAULT CHARSET=utf8;

SET autocommit=1;

#
# Dumping data for table 'bestellijnen'
#

INSERT INTO `bestellijnen` VALUES (1,1,50,150,0.45),(2,1,56,150,0.95),(3,1,59,25,2.25),(4,1,60,50,1.65),(5,1,70,50,1.9),(6,1,75,25,6.35),(7,2,6,50,1.35),(8,2,7,25,0.65),(9,2,8,25,0.7),(10,2,10,25,0.65),(11,3,1,50,0.75),(12,3,2,250,0.25),(13,3,3,400,0.2),(14,3,4,50,0.45),(15,3,5,100,0.4),(16,3,6,50,0.8),(17,3,7,50,0.45),(18,3,8,10,0.45),(19,3,9,100,0.7),(20,3,10,25,0.45),(21,3,11,25,0.35),(22,4,20,10,3.6),(23,4,21,5,7.2),(24,4,29,20,6.05),(25,4,31,3,9.45),(26,4,33,25,15.45),(27,5,165,200,1.2),(28,6,134,100,0.65),(29,6,140,100,3.25),(30,6,143,25,1.3),(31,7,78,100,1.15),(32,7,83,100,1),(33,7,85,200,1.15),(34,7,89,25,1.6),(35,7,90,200,0.35),(36,7,92,50,1.65),(37,7,95,25,0.55),(38,7,102,20,1.45),(39,8,48,100,1.1),(40,8,49,1000,0.1),(41,8,50,100,0.5),(42,8,53,250,0.6),(43,8,58,50,0.4),(44,8,59,50,2.15),(45,8,60,50,1.5),(46,8,61,10,11.7),(47,8,62,10,7.55),(48,8,65,15,6),(49,8,66,10,7.55),(50,8,69,25,2.95),(51,8,70,50,1.8),(52,8,74,25,1.2),(53,8,76,30,2.75),(54,8,77,40,1.75),(55,9,201,100,1.65),(56,9,207,25,1.35),(57,9,213,24,5.05),(58,9,217,12,0.9),(59,10,206,50,3.75),(60,10,207,25,1.45),(61,10,211,50,2.3),(62,10,212,36,4.85),(63,10,215,48,8.95),(64,10,217,24,1),(65,11,1,25,1.25),(66,11,4,25,0.65),(67,11,7,25,0.7),(68,11,8,10,0.7),(69,12,1,25,1.25),(70,12,4,25,0.7),(71,12,5,25,0.7),(72,12,6,50,1.45),(73,12,7,25,0.7),(74,12,8,25,0.75),(75,12,10,25,0.75),(76,12,11,50,0.55),(77,13,86,75,1.35),(78,13,88,25,2.4),(79,13,90,150,0.4),(80,13,98,150,0.5),(81,13,105,100,2.05),(82,13,107,100,0.4),(83,14,111,25,1.15),(84,14,113,50,1.15),(85,14,115,50,1.4),(86,14,121,25,2.65),(87,14,123,50,2.05),(88,14,125,200,1.4),(89,15,171,50,1),(90,15,178,50,0.35),(91,15,179,150,1.55),(92,15,180,50,0.95),(93,15,184,100,1.5),(94,16,62,10,8.15),(95,16,58,200,0.4),(96,16,59,25,2.3),(97,16,74,50,1.3);
# 93 records

#
# Table structure for table 'bestellingen'
#

DROP TABLE IF EXISTS `bestellingen`;

CREATE TABLE `bestellingen` (
  `bestelId` INTEGER NOT NULL AUTO_INCREMENT, 
  `leverancierId` INTEGER, 
  `bestelDatum` DATETIME, 
  `leveringsDatum` DATETIME, 
  `korting` decimal(4,2) NULL, 
  PRIMARY KEY (`bestelId`)
) ENGINE=innodb DEFAULT CHARSET=utf8;

SET autocommit=1;

#
# Dumping data for table 'bestellingen'
#

INSERT INTO `bestellingen` VALUES (1,4,'2016-01-17 00:00:00','2016-01-31 00:00:00',0.02),(2,1,'2016-02-25 00:00:00','2016-03-04 00:00:00',0.00),(3,1,'2016-02-27 00:00:00','2016-03-06 00:00:00',0.01),(4,2,'2016-03-06 00:00:00','2016-03-27 00:00:00',0.05),(5,9,'2016-03-06 00:00:00','2016-03-16 00:00:00',0.00),(6,7,'2016-03-11 00:00:00','2016-03-18 00:00:00',0.02),(7,5,'2016-03-13 00:00:00','2016-03-23 00:00:00',0.03),(8,4,'2016-03-13 00:00:00','2016-04-05 00:00:00',0.09),(9,11,'2016-03-13 00:00:00','2016-03-23 00:00:00',0.04),(10,11,'2016-03-14 00:00:00','2016-03-23 00:00:00',0.04),(11,1,'2016-03-14 00:00:00','2016-03-21 00:00:00',0.00),(12,1,'2016-03-26 00:00:00','2016-04-02 00:00:00',0.00),(13,5,'2016-03-26 00:00:00','2016-04-05 00:00:00',0.02),(14,6,'2016-04-01 00:00:00','2016-04-15 00:00:00',0.09),(15,10,'2016-04-01 00:00:00','2016-04-15 00:00:00',0.01),(16,4,'2016-04-23 00:00:00','2016-04-30 00:00:00',0.08);
# 15 records

#
# Table structure for table 'categorieen'
#

DROP TABLE IF EXISTS `categorieen`;

CREATE TABLE `categorieen` (
  `categorieId` INTEGER NOT NULL AUTO_INCREMENT, 
  `categorie` VARCHAR(10), 
  `minHoogte` DOUBLE NULL, 
  `maxHoogte` DOUBLE NULL, 
  `afstand` DOUBLE NULL, 
  PRIMARY KEY (`categorieId`)
) ENGINE=innodb DEFAULT CHARSET=utf8;

SET autocommit=1;

#
# Dumping data for table 'categorieen'
#

INSERT INTO `categorieen` VALUES (1,'LAAG',5,15,20),(2,'MIDDEN',16,60,30),(3,'ACHTER-L',61,100,45),(4,'ACHTER-H',101,150,60),(5,'SCHEIDING',151,300,85),(6,'BOMEN',301,4000,400);
# 6 records

#
# Table structure for table 'leveranciers'
#

DROP TABLE IF EXISTS `leveranciers`;

CREATE TABLE `leveranciers` (
  `leverancierId` INTEGER NOT NULL AUTO_INCREMENT, 
  `leverancierNaam` VARCHAR(20), 
  `adres` VARCHAR(25), 
  `woonplaats` VARCHAR(15), 
  PRIMARY KEY (`leverancierId`)
) ENGINE=innodb DEFAULT CHARSET=utf8;

SET autocommit=1;

#
# Dumping data for table 'leveranciers'
#

INSERT INTO `leveranciers` VALUES (1,'HOVENIER G.H.','ZANDWEG 50','LISSE'),(2,'BAUMGARTEN R.','TAKSTRAAT 13','HILLEGOM'),(3,'STRUIK BV.','BESSENLAAN 1','LISSE'),(4,'SPITMAN EN ZN.','ACHTERTUIN 9','AALSMEER'),(5,'DEZAAIER L.J.A.','DE GRONDEN 101','LISSE'),(6,'MOOIWEER FA.','VERLENGDE ZOMERSTR. 24','AALSMEER'),(7,'BLOEM L.Z.H.W.','LINNAEUSHOF 17','HILLEGOM'),(8,'TRA A.','KOELEPLEKSTRAAT 10','LISSE'),(9,'ERICA BV.','BERKENWEG 87','HEEMSTEDE'),(10,'DE GROENE KAS BV.','GLASWEG 1','AALSMEER'),(11,'FLORA BV.','OEVERSTRAAT 76','AALSMEER'),(12,'GROEN BV.','ONDER DE LINDE 234','AALSMEER');
# 11 records

#
# Table structure for table 'planten'
#

DROP TABLE IF EXISTS `planten`;

CREATE TABLE `planten` (
  `plantId` INTEGER NOT NULL AUTO_INCREMENT, 
  `plantNaam` VARCHAR(16), 
  `soort` VARCHAR(7), 
  `kleur` VARCHAR(7), 
  `hoogte` INTEGER, 
  `beginBloeiMaand` INTEGER, 
  `eindBloeiMaand` INTEGER, 
  `prijs` DOUBLE NULL, 
  `categorieId` INTEGER, 
  PRIMARY KEY (`plantId`)
) ENGINE=innodb DEFAULT CHARSET=utf8;

SET autocommit=1;

#
# Dumping data for table 'planten'
#

INSERT INTO `planten` VALUES (1,'BEGONIA','1-JARIG','ROOD',15,6,9,0.65,1),(2,'KLIMOP','KLIM',NULL,0,0,0,7.5,5),(3,'MARGRIET','VAST','WIT',70,6,8,2.5,3),(4,'WATERLELIE','WATER','WIT',0,0,0,12,1),(5,'LUPINE','VAST','GEMENGD',100,6,7,2.5,3),(6,'JENEVERBES','BOOM',NULL,250,0,0,6.5,6),(7,'LISDODDE','WATER','GEEL',200,8,9,4.5,5),(8,'RIDDERSPOOR','1-JARIG','GEMENGD',50,7,8,1,2),(9,'OLIJFWILG','HEESTER','GEEL',400,9,10,10,6),(10,'GOUDEN REGEN','BOOM','GEEL',600,5,5,22,6),(11,'DWERGCYPRES','BOOM',NULL,500,0,0,13.5,6),(12,'WATERHYACINT','WATER','BLAUW',0,6,9,5,1),(13,'VUURPIJL','VAST','ROOD',120,6,9,3.5,4),(14,'KRUISDISTEL','VAST','BLAUW',75,6,7,3,3),(15,'ZUURBES','HEESTER','ORANJE',300,5,6,3.5,5),(16,'RIDDERSPOOR','VAST','LILA',150,6,7,3,4),(17,'LINDE','BOOM','GEEL',4000,7,8,42.5,6),(18,'GANZERIK','VAST','ROOD',25,6,9,2.25,2),(19,'MUNT','KRUID','PAARS',40,8,8,2,2),(20,'KORENBLOEM','1-JARIG','GEMENGD',80,7,8,1,3),(21,'BEREKLAUW','VAST','WIT',100,7,9,3.5,3),(22,'PETERSELIE','KRUID',NULL,25,0,0,2,2),(23,'WOLFSMELK','VAST','GEEL',60,4,4,2.5,2),(24,'VIOLIER','1-JARIG','GEMENGD',60,6,8,1,2),(25,'ZILVERSPAR','BOOM',NULL,3000,0,0,19.5,6),(26,'TULP','BOL','GEEL',30,4,6,0.4,2),(27,'PAMPUSGRAS','VAST','WIT',300,9,10,9.5,5),(28,'MONNIKSKAP','VAST','VIOLET',120,8,9,3,4),(29,'KALMOES','WATER',NULL,90,0,0,4.5,3),(30,'NAGELKRUID','VAST','ORANJE',50,7,8,3,2),(31,'KORNOELJE','HEESTER','GEEL',300,5,0,5.5,5),(32,'PEPERBOOMPJE','HEESTER','ROZE',125,2,3,15,4),(33,'ROZEMARIJN','KRUID','BLAUW',150,5,5,2,4),(34,'MUURBLOEM','2-JARIG','BRUIN',50,4,5,1.8,2),(35,'KERVEL','KRUID','WIT',30,0,0,2,2),(36,'IRIS','BOL','BLAUW',100,5,7,0.14,3),(37,'VUURDOORN','HEESTER','WIT',0,6,6,5,5),(38,'SERING','HEESTER','PAARS',500,5,6,19.5,6),(39,'RODODENDRON','HEESTER','ROOD',125,5,7,19.5,4),(40,'CYPERGRAS','WATER',NULL,100,0,0,5,3),(41,'BLAASJESKRUID','WATER','GEEL',0,7,8,2.5,1),(42,'DOPHEIDE','HEIDE','ROOD',35,6,9,1.5,2),(43,'BOOMHEIDE','HEIDE','ROZE',150,7,9,5.5,4),(44,'TULPEBOOM','BOOM','GEEL',2000,6,7,22.5,6),(45,'MEIDOORN','BOOM','ROZE',700,5,5,19.5,6),(46,'BIESLOOK','KRUID','PAARS',20,7,8,2,2),(47,'STOKROOS','VAST','ROOD',250,6,9,2,5),(48,'ACACIA','BOOM','WIT',2500,6,6,17.5,6),(49,'LEEUWEBEKJE','1-JARIG','GEMENGD',50,7,8,0.8,2),(50,'JUDASBOOM','BOOM','ROZE',800,5,5,9.5,6),(51,'KAMILLE','VAST','WIT',70,6,7,3,3),(52,'AFRIKAANTJE','1-JARIG','GEEL',25,7,10,0.6,2),(53,'ANEMOON','VAST','ROZE',50,8,10,3.5,2),(54,'MAGNOLIA','HEESTER','WIT',1000,4,5,14.5,6),(55,'AKELEI','VAST','BLAUW',60,5,7,2.5,2),(56,'LIGUSTER','HEESTER','WIT',200,7,7,0.4,5),(57,'CHRYSANT','1-JARIG','GEEL',80,6,8,0.8,3),(58,'KLAPROOS','VAST','ROOD',70,5,6,3,3),(59,'BASILICUM','KRUID','WIT',50,8,9,2,2),(60,'BOTERBLOEM','VAST','WIT',50,5,6,3,2),(61,'WINTERHEIDE','HEIDE','WIT',20,2,4,2,2),(62,'KOGELDISTEL','VAST','BLAUW',175,6,7,3,5),(63,'KLOKJESBLOEM','2-JARIG','BLAUW',70,6,8,1.8,3),(64,'BREM','HEESTER','GEEL',150,4,7,5,4),(65,'SIERUI','BOL','BLAUW',75,6,8,3.75,3),(66,'LIJSTERBES','BOOM','WIT',500,5,5,7.5,6),(67,'KORENBLOEM','VAST','BLAUW',80,7,8,2,3),(68,'TIJM','KRUID','PAARS',10,6,6,2.5,1),(69,'BOSRANK','KLIM','PAARS',300,7,9,6.5,5),(70,'HULST','HEESTER',NULL,700,0,0,22.5,6),(71,'ESDOORN','BOOM','GROEN',2500,6,6,17.5,6),(72,'PASSIEBLOEM','KLIM','BLAUW',0,6,9,9.5,1),(73,'GIPSKRUID','VAST','WIT',90,7,8,4.5,3),(74,'VINGERHOEDSKRUID','VAST','GEMENGD',0,6,8,2,1),(75,'MAJORAAN','KRUID','PAARS',30,7,8,2,2),(76,'KROKUS','BOL','WIT',15,2,3,0.1,1),(77,'DOTTERBLOEM','WATER','GEEL',30,4,6,4.5,2),(78,'BERK','BOOM',NULL,2000,0,0,7.5,6),(79,'DAGLELIE','VAST','ROOD',80,6,8,3,3),(80,'KIKKERBEET','WATER','WIT',0,7,8,1.25,1),(81,'GIPSKRUID','1-JARIG','WIT',50,6,7,1,2),(82,'STRUIKHEIDE','HEIDE','GEMENGD',30,6,8,2,2),(83,'JUDASPENNING','2-JARIG','LILA',70,5,7,1,3),(84,'AZIJNBOOM','BOOM','ROOD',0,6,7,9.5,6),(85,'LEVERKRUID','VAST','PAARS',175,8,9,2.5,5),(86,'FORSYTHIA','HEESTER','GEEL',250,3,4,5.5,5),(87,'PETUNIA','1-JARIG','ROZE',25,7,10,0.8,2),(88,'ALYSSUM','1-JARIG','PAARS',10,6,9,0.6,1),(89,'HONDSTONG','2-JARIG','BLAUW',30,5,6,1,2),(90,'VLAMBLOEM','1-JARIG','GEMENGD',30,7,8,1.5,2),(91,'ENGELS GRAS','VAST','ROOD',20,0,0,2,2),(92,'SALIE','KRUID','VIOLET',100,6,7,2,3),(93,'SPAR','BOOM',NULL,3000,0,0,12.5,6),(94,'KLAPROOS','2-JARIG','GEMENGD',40,6,6,1,2),(95,'POPULIER','BOOM','WIT',1000,3,4,4.5,6),(96,'HONDSTONG','VAST','BLAUW',30,6,8,2.5,2),(97,'SLEUTELBLOEM','2-JARIG','GEMENGD',25,4,5,2,2),(98,'DAHLIA','1-JARIG','GEMENGD',40,8,10,1,2),(99,'BLAUW DRUIFJE','BOL','BLAUW',20,2,6,0.12,2),(100,'PIOEN','VAST','ROOD',50,6,7,4.5,2),(101,'WIJNSTOK','KLIM',NULL,600,0,0,10,6),(102,'VIOOLTJE','2-JARIG','GEMENGD',15,3,8,0.5,1),(103,'KLOKJESBLOEM','VAST','BLAUW',90,6,8,3,3),(104,'VIOLIER','2-JARIG','GEMENGD',60,6,7,1,2),(105,'DOVENETEL','VAST','GEEL',25,4,5,2,2),(106,'DRAGON','KRUID','WIT',100,8,9,2,3),(107,'AZALEA','HEESTER','ORANJE',200,4,5,17.5,5),(108,'KLAPROOS','1-JARIG','GEMENGD',35,6,9,1,2),(109,'BEUK','BOOM','GROEN',3000,4,5,12.5,6),(110,'ASTER','1-JARIG','GEMENGD',50,7,10,0.75,2),(111,'DILLE','KRUID','GEEL',90,7,8,2,3),(112,'TOVERHAZELAAR','HEESTER','GEEL',500,1,2,32,6),(113,'ZONNEBLOEM','VAST','GEEL',150,8,9,2,4),(114,'VUURWERKPLANT','VAST','ROZE',150,6,7,3.5,4),(115,'ZONNEBLOEM','1-JARIG','GEEL',150,8,10,1.8,4),(116,'ZURING','KRUID','ROOD',70,6,6,2,3),(117,'ANJER','VAST','WIT',40,6,8,3,2),(118,'PAARDEKASTANJE','BOOM','WIT',2500,5,5,17.5,6),(119,'WOLGRAS','WATER','WIT',30,5,6,3.5,2);
# 119 records

DROP TABLE IF EXISTS `planten_oud`;

CREATE TABLE `planten_oud` (
  `plantId` INTEGER NOT NULL AUTO_INCREMENT, 
  `plantNaam` VARCHAR(16), 
  `soort` VARCHAR(7), 
  `kleur` VARCHAR(7), 
  `hoogte` INTEGER, 
  `beginBloeiMaand` INTEGER, 
  `eindBloeiMaand` INTEGER, 
  `prijs` DOUBLE NULL, 
  `categorieId` INTEGER, 
  PRIMARY KEY (`plantId`)
) ENGINE=innodb DEFAULT CHARSET=utf8;

SET autocommit=1;

INSERT INTO `planten_oud` VALUES (17,'LINDE','BOOM','GEEL',4000,7,8,42.5,6),(25,'ZILVERSPAR','BOOM',NULL,3000,0,0,19.5,6),(44,'TULPEBOOM','BOOM','GEEL',2000,6,7,22.5,6),(48,'ACACIA','BOOM','WIT',2500,6,6,17.5,6),(54,'MAGNOLIA','HEESTER','WIT',1000,4,5,14.5,6),(71,'ESDOORN','BOOM','GROEN',2500,6,6,17.5,6),(78,'BERK','BOOM',NULL,2000,0,0,7.5,6),(93,'SPAR','BOOM',NULL,3000,0,0,12.5,6),(95,'POPULIER','BOOM','WIT',1000,3,4,4.5,6),(109,'BEUK','BOOM','GROEN',3000,4,5,12.5,6),(118,'PAARDEKASTANJE','BOOM','WIT',2500,5,5,17.5,6);
